Task,RidgeOnly_NMSE,SingleLattice_NMSE,TracePanelIncludesRidgeOnly
Santa Fe,0.0661257269681587,0.0324936421595198,1
NARMA10,0.749405149362341,0.109859383433717,1
Lorenz63,1.01938723706185,0.0378913086942315,1
